orden,zona,titulo_word,link,precio_usd,direccion,atributos,portal
1,CABALLITO,Goyena,https://departamento.mercadolibre.com.ar/MLA-3356355794-departamento-venta-caballito-goyena-piso-260m2-_JM,,Goyena,,ml
2,CABALLITO,"Dúplex 5 amb, 300m², 2 cocheras, balcón terraza",https://departamento.mercadolibre.com.ar/MLA-2345722582-espectacular-5-amb-en-duplex-300m2-2-cocheras-balcon-terraza-super-categoria-_JM,,"Dúplex 5 amb, 300m², 2 cocheras, balcón terraza",,ml
3,CABALLITO,Caballito,https://www.argenprop.com/departamento-en-venta-en-caballito-5-ambientes--19666414,,Caballito,,argenprop
4,CABALLITO,Emilio Mitre 100,https://www.argenprop.com/departamento-en-venta-en-caballito-6-ambientes--14448290,,Emilio Mitre 100,,argenprop
5,CABALLITO,Caballito,https://www.argenprop.com/departamento-en-venta-en-caballito-6-ambientes--10972082,,Caballito,,argenprop
6,CABALLITO,Caballito,https://www.argenprop.com/departamento-en-venta-en-caballito-5-ambientes--19519557,,Caballito,,argenprop
7,CABALLITO,Piso 300m²,https://www.zonaprop.com.ar/propiedades/clasificado/veclapin-caballito.-piso-y-1-2.-300-m-sup2--en-zona-44412985.html,,Piso 300m²,,zonaprop
8,CABALLITO,Sofia Building Azcuy,https://www.zonaprop.com.ar/propiedades/clasificado/veclapin-departamento-5-ambientes-edificio-sofia-building-azcuy-58496119.html,,Sofia Building Azcuy,,zonaprop
9,CABALLITO,Goyena 835 piso 9,https://www.zonaprop.com.ar/propiedades/clasificado/veclapin-espectacular-piso-4-amb-con-dependencia-y-2-cocheras-57900496.html,,Goyena 835 piso 9,,zonaprop
10,CABALLITO,Valle 1100,https://departamento.mercadolibre.com.ar/MLA-3153263896-increible-piso-de-categoria-con-dos-cocheras-y-amenities-en-caballito-_JM,,Valle 1100,,ml
11,CABALLITO,Víctor Martínez,https://departamento.mercadolibre.com.ar/MLA-1727935295-venta-de-4-ambientes-en-caballito-_JM,,Víctor Martínez,,ml
12,CABALLITO,Caballito,https://departamento.mercadolibre.com.ar/MLA-3071055960-departamento-en-venta-caballito-4-ambientes-_JM,,Caballito,,ml
13,LAS CAÑITAS,Penthouse 5 amb,https://departamento.mercadolibre.com.ar/MLA-3132596666-penthouse-5-amb-canitas-balcon-terraza-parrilla-cochera-doble-_JM,,Penthouse 5 amb,,ml
14,LAS CAÑITAS,Piso 5 amb,https://departamento.mercadolibre.com.ar/MLA-2758910894-venta-piso-de-5-ambientes-con-balcon-2-cocheras-torre-de-categoria-la-imprenta-_JM,,Piso 5 amb,,ml
15,LAS CAÑITAS,Tríplex 4 amb,https://departamento.mercadolibre.com.ar/MLA-1737988049-triplex-de-4-ambientes-con-terraza-propia-y-parrilla-en-blvd-chenaut-pleno-corazon-de-canitas-_JM,,Tríplex 4 amb,,ml
16,LAS CAÑITAS,3 dorm + dep,https://departamento.mercadolibre.com.ar/MLA-1722560945-departamento-en-venta-de-3-dormitorios-con-2-cocheras-fijas-y-dependencia-en-palermo-las-canitas-_JM,,3 dorm + dep,,ml
17,LAS CAÑITAS,Soldado 1000,https://departamento.mercadolibre.com.ar/MLA-3314468052-venta-departamento-piso-230-m2-4-ambientes-reciclado-impecable-3-cocheras-las-canitas-_JM,,Soldado 1000,,ml
18,LAS CAÑITAS,4 amb,https://departamento.mercadolibre.com.ar/MLA-1775817751-departamento-4-ambientes-venta-palermo-terraza-privada-_JM,,4 amb,,ml
19,LAS CAÑITAS,5 amb,https://departamento.mercadolibre.com.ar/MLA-1549018375-piso-5-ambientes-en-edificio-de-categoria-con-doble-cochera-en-palermo-_JM,,5 amb,,ml
20,LAS CAÑITAS,Semipiso reciclado 250m²,https://departamento.mercadolibre.com.ar/MLA-3298833466-venta-semi-piso-al-frente-reciclado-250-m2-5-ambientes-2-cocheras-seguridad-botanico-_JM,,Semipiso reciclado 250m²,,ml
21,LAS CAÑITAS,4 amb reciclado impecable,https://departamento.mercadolibre.com.ar/MLA-3160506152-venta-depto-piso-4-amb-palermo-reciclado-impecable-blvd-charcas-cochera-doble-_JM,,4 amb reciclado impecable,,ml
22,LAS CAÑITAS,Penthouse 8 amb en suite,https://departamento.mercadolibre.com.ar/MLA-3356444094-departamento-penthouse-8-amb-en-suite-con-terraza-_JM,,Penthouse 8 amb en suite,,ml
23,LAS CAÑITAS,Semipiso + jardín,https://departamento.mercadolibre.com.ar/MLA-2604402292-venta-departamento-semipiso-jardin-las-canitas-palermo-belgrano-nunez-_JM,,Semipiso + jardín,,ml
24,LAS CAÑITAS,Scalabrini 3000 piso 27,https://www.argenprop.com/departamento-en-venta-en-botanico-5-ambientes--19363387,,Scalabrini 3000 piso 27,,argenprop
25,LAS CAÑITAS,Soldado Independencia 800 piso 8,https://www.argenprop.com/departamento-en-venta-en-las-canitas-5-ambientes--19307088,,Soldado Independencia 800 piso 8,,argenprop
26,LAS CAÑITAS,Tipo casa 275m²,https://departamento.mercadolibre.com.ar/MLA-1711820225-departamento-tipo-casa-275-m2-terraza-quincho-y-parrilla-4-amb-coch-palermo-_JM,,Tipo casa 275m²,,ml
27,LAS CAÑITAS,Cerviño 3700,https://www.argenprop.com/departamento-en-venta-en-palermo-chico-5-ambientes--19575566,,Cerviño 3700,,argenprop
28,PALERMO CHICO,San Martín de Tours 2800,https://www.argenprop.com/departamento-en-venta-en-palermo-chico-5-ambientes--17923348,,San Martín de Tours 2800,,argenprop
29,PALERMO CHICO,Ugarteche 3200,https://departamento.mercadolibre.com.ar/MLA-1691978057-departamento-6-ambientes-en-venta-en-palermo-chico-_JM,,Ugarteche 3200,,ml
30,PALERMO CHICO,Botánico,https://departamento.mercadolibre.com.ar/MLA-3348165626-exclusivo-piso-en-botanico-palermo-chico-4-ambientes-patio-privado-y-categoria-_JM,,Botánico,,ml
31,PALERMO CHICO,Penthouse Gelly 3619,https://departamento.mercadolibre.com.ar/MLA-3017525252-departamento-penthouse-en-palermo-chico-dos-cocheras-_JM,,Penthouse Gelly 3619,,ml
32,PALERMO CHICO,5 amb,https://departamento.mercadolibre.com.ar/MLA-2896674814-departamento-en-torre-de-5-amb-terraza-privada-gelly-y-cavia-palermo-chico-_JM,,5 amb,,ml
33,PALERMO CHICO,Barrio Parque,https://departamento.mercadolibre.com.ar/MLA-3305879178-venta-depto-5-amb-barrio-parque-cochera-fija-_JM,,Barrio Parque,,ml
34,LIBERTADOR,"230m², 4 amb",https://departamento.mercadolibre.com.ar/MLA-3309734926-piso-vista-verde-av-del-libertador-venta-230-m2-4-ambientes-cochera-las-canitas-_JM,,"230m², 4 amb",,ml
35,LIBERTADOR,5 amb reciclado,https://departamento.mercadolibre.com.ar/MLA-1764838831-departamento-en-venta-5-ambientes-en-palermo-chico-reciclado-con-vista-al-rio-_JM,,5 amb reciclado,,ml
36,LIBERTADOR,Quartier Libertador,https://departamento.mercadolibre.com.ar/MLA-3324706380-increible-4-ambientes-en-quartier-libertador-con-cochera-doble-y-baulera-en-venta-_JM,,Quartier Libertador,,ml
37,LIBERTADOR,Quartier Libertador,https://departamento.mercadolibre.com.ar/MLA-3241325456-quartier-libertador-espectacular-4-amb-cbalcon-aterrazado-vista-a-verde-full-amenities-cochera-_JM,,Quartier Libertador,,ml
38,LIBERTADOR,"5 amb + dep, 240m²",https://departamento.mercadolibre.com.ar/MLA-3091358232-hermoso-piso-reciclado-av-libertador-5-amb-c-dependencia-240-m2-canitas-_JM,,"5 amb + dep, 240m²",,ml
39,LIBERTADOR,4 dorm,https://departamento.mercadolibre.com.ar/MLA-1576082963-venta-departamento-4-dormitorios-2-cocheras-palermo-chico-_JM,,4 dorm,,ml
40,LIBERTADOR,5 amb,https://departamento.mercadolibre.com.ar/MLA-3304433454-venta-piso-departamento-5-ambientes-av-libertador-4600-las-canitas-palermo-_JM,,5 amb,,ml
41,LIBERTADOR,Super jardín propio 300m²,https://departamento.mercadolibre.com.ar/MLA-2536072772-con-super-jardin-propio-de-300-m2-en-excelente-edificio-a-mts-del-zoo--_JM,,Super jardín propio 300m²,,ml
42,MARTÍN PINUS,Martín Pinus,https://www.martinpinus.net/detalle.php?id=7427541,,Martín Pinus,,martinpinus
43,MARTÍN PINUS,Martín Pinus,https://www.martinpinus.net/detalle.php?id=8040612,,Martín Pinus,,martinpinus
44,MARTÍN PINUS,Martín Pinus,https://www.martinpinus.net/detalle.php?id=7629093,,Martín Pinus,,martinpinus
45,MARTÍN PINUS,Martín Pinus,https://www.martinpinus.net/detalle.php?id=7991633,,Martín Pinus,,martinpinus
46,MARTÍN PINUS,Martín Pinus,https://www.martinpinus.net/detalle.php?id=6524776,,Martín Pinus,,martinpinus
47,SUELTAS,Casa Las Cañitas Volta 1800,https://www.zonaprop.com.ar/propiedades/clasificado/veclcain-casa-4-ambientes-las-canitas-venta-58375922.html,,Casa Las Cañitas Volta 1800,,zonaprop
48,SUELTAS,Casa neocolonial Volta 1867,https://www.zonaprop.com.ar/propiedades/clasificado/veclcain-venta-exclusiva-casa-estilo-neocolonial-5-amb.-en-56324301.html,,Casa neocolonial Volta 1867,,zonaprop
49,SUELTAS,Penthouse con terraza y parrilla,https://www.zonaprop.com.ar/propiedades/clasificado/veclapin-penthouse-con-terraza-y-parrilla-4-5-dorm.-playroom-59041379.html,,Penthouse con terraza y parrilla,,zonaprop
50,SUELTAS,Cavia 3000 Palermo Chico,https://www.zonaprop.com.ar/propiedades/clasificado/veclapin-departamento-venta-palermo-chico-cavia-al-3000-entre-59237892.html,,Cavia 3000 Palermo Chico,,zonaprop
51,SUELTAS,Penthouse Seguí y Salguero,https://www.zonaprop.com.ar/propiedades/clasificado/veclapin-venta-penthouse-c-terraza-privada-en-segui-y-salguero-57355917.html,,Penthouse Seguí y Salguero,,zonaprop
52,SUELTAS,Torre Panedile Libertador 3700,https://www.zonaprop.com.ar/propiedades/clasificado/veclapin-duplex-en-torre-panedile-av-libertador-4-dorm.-balcon-58845806.html,,Torre Panedile Libertador 3700,,zonaprop
53,SUELTAS,Palermo Chico Aguado y F. Alcorta,https://www.zonaprop.com.ar/propiedades/clasificado/veclapin-palermo-chico-aguado-y-f.-alcorta-piso-de-340-54283891.html,,Palermo Chico Aguado y F. Alcorta,,zonaprop
